{"stats":{"minecraft:custom":{"minecraft:jump":32,"minecraft:time_since_rest":2331,"minecraft:damage_taken":30,"minecraft:leave_game":2,"minecraft:play_time":2331,"minecraft:sprint_one_cm":2443,"minecraft:time_since_death":2331,"minecraft:walk_on_water_one_cm":459,"minecraft:walk_one_cm":1626,"minecraft:sneak_time":3,"minecraft:total_world_time":2331,"minecraft:walk_under_water_one_cm":468,"minecraft:fall_one_cm":833,"minecraft:fly_one_cm":6446},"minecraft:mined":{"minecraft:grass":2}},"DataVersion":3120}